test	phase	claim_id	machine	kind	statement	outcome_measure	test_used	sided	counts	discordant	p_or_bound	verdict_printed	fixed_commit	fixed_date	recorded_commit	recorded_date	docstring_ref
test_load_curriculum.py	IV	VALID	X	gate/validity	VALID: CUR_ceiling binds >= 4/5 AND the pairing CHECK (72) passes; otherwise every claim UNTESTED (ceiling runs first)	BOUND on the P=8 held-out set (transition in phase 2)	count rule + CHECK 72	NA	CUR_ceiling 5/5; CHECK 72 passed	-	>= 4/5	VALID	b7c18f0	2026-09-28T05:45:09+00:00	d79626e	2026-09-28T12:31:42+00:00	test_load_curriculum.py:139
test_load_curriculum.py	IV	VALID	L	gate/validity	VALID: CUR_ceiling binds >= 4/5 AND the pairing CHECK (72) passes; otherwise every claim UNTESTED (ceiling runs first)	BOUND on the P=8 held-out set (transition in phase 2)	count rule + CHECK 72	NA	CUR_ceiling 5/5 (CHECK 72 outcome on L not recorded)	-	>= 4/5	not recorded as printed (ceiling 5/5; claims reported as tested)	b7c18f0	2026-09-28T05:45:09+00:00	c5ec279	2026-09-28T14:56:28+00:00	test_curriculum_confirm.py:19; docs/revision6.md:379
test_load_curriculum.py	IV	C1	X	test	C1 THE CURRICULUM HELPS THE GATE: CUR_A vs the recorded A_conv8, same seeds 160-189	BOUND on the P=8 held-out set (transition in phase 2)	exact McNemar	one	CUR_A 20/30 vs A_conv8 4/30	16 vs 0	p = 1.53e-05 (SHOWN if p < 0.05)	SHOWN	b7c18f0	2026-09-28T05:45:09+00:00	d79626e	2026-09-28T12:31:42+00:00	test_load_curriculum.py:140
test_load_curriculum.py	IV	C1	L	test	C1 THE CURRICULUM HELPS THE GATE: CUR_A vs the recorded A_conv8, same seeds 160-189	BOUND on the P=8 held-out set (transition in phase 2)	exact McNemar	one	CUR_A 16/30 vs A_conv8 8/30	14 vs 6	p = 0.058	NOT SHOWN	b7c18f0	2026-09-28T05:45:09+00:00	c5ec279	2026-09-28T14:56:28+00:00	test_curriculum_confirm.py:23 (counts :16, :21); docs/revision6.md:403
test_load_curriculum.py	IV	C2	X	test	C2 THE GAIN NEEDS CHANNELS: CUR_A (seeds 160-179) vs CUR_B; McNemar printed alongside	BOUND on the P=8 held-out set (transition in phase 2)	Fisher exact (McNemar alongside)	one	CUR_A 14/20 vs CUR_B 4/20	11 vs 1 (McNemar p = 0.00635, alongside)	p = 0.00182	SHOWN	b7c18f0	2026-09-28T05:45:09+00:00	d79626e	2026-09-28T12:31:42+00:00	test_load_curriculum.py:142
test_load_curriculum.py	IV	C2	L	test	C2 THE GAIN NEEDS CHANNELS: CUR_A (seeds 160-179) vs CUR_B; McNemar printed alongside	BOUND on the P=8 held-out set (transition in phase 2)	Fisher exact (McNemar alongside)	one	CUR_A on 160-179 not recorded vs CUR_B 1/20	-	not recorded	SHOWN	b7c18f0	2026-09-28T05:45:09+00:00	c5ec279	2026-09-28T14:56:28+00:00	test_curriculum_confirm.py:24 (CUR_B :18); docs/revision6.md:404
test_load_curriculum.py	IV	C3	X	test	C3 ROUTING TRANSFERS: over distinct CUR_A and CUR_A_R runs, runs routed at the switch (margin >= 0.9 at 4800) bind at P=8 more often than runs not routed; UNTESTABLE if either group < 3	BOUND on the P=8 held-out set (transition in phase 2)	Fisher exact	one	routed 27/29 vs not routed 1/9 (38 distinct runs)	-	p = 7.79e-06	SHOWN	b7c18f0	2026-09-28T05:45:09+00:00	d79626e	2026-09-28T12:31:42+00:00	test_load_curriculum.py:144
test_load_curriculum.py	IV	C3	L	test	C3 ROUTING TRANSFERS: over distinct CUR_A and CUR_A_R runs, runs routed at the switch (margin >= 0.9 at 4800) bind at P=8 more often than runs not routed; UNTESTABLE if either group < 3	BOUND on the P=8 held-out set (transition in phase 2)	Fisher exact	one	L alone not recorded; pooled 52/59 vs 2/20 (pooled minus X = 25/30 vs 1/11, derived)	-	not recorded	SHOWN	b7c18f0	2026-09-28T05:45:09+00:00	c5ec279	2026-09-28T14:56:28+00:00	test_curriculum_confirm.py:24-25; docs/revision6.md:405
test_load_curriculum.py	IV	C4	X	band	C4 A RELIABLE RECIPE: CUR_A_R's band	BOUND on the P=8 held-out set (transition in phase 2)	count rule	NA	CUR_A_R 28/30	-	RELIABLE >= 27/30, MAJORITY 15-26, MINORITY 1-14, NEVER 0	RELIABLE	b7c18f0	2026-09-28T05:45:09+00:00	d79626e	2026-09-28T12:31:42+00:00	test_load_curriculum.py:146
test_load_curriculum.py	IV	C4	L	band	C4 A RELIABLE RECIPE: CUR_A_R's band	BOUND on the P=8 held-out set (transition in phase 2)	count rule	NA	CUR_A_R 25/30	-	RELIABLE >= 27/30, MAJORITY 15-26, MINORITY 1-14, NEVER 0	MAJORITY	b7c18f0	2026-09-28T05:45:09+00:00	c5ec279	2026-09-28T14:56:28+00:00	test_curriculum_confirm.py:26 (count :17); docs/revision6.md:406
test_load_curriculum.py	IV	RD1	X	reading	C1 SHOWN and C3 SHOWN: "routing found at a low load carries over to a high load: learn the partition where it is easy."	-	conditional on verdicts	NA	-	-	-	printed	b7c18f0	2026-09-28T05:45:09+00:00	d79626e	2026-09-28T12:31:42+00:00	test_load_curriculum.py:147-148
test_load_curriculum.py	IV	RD1	L	reading	C1 SHOWN and C3 SHOWN: "routing found at a low load carries over to a high load: learn the partition where it is easy."	-	conditional on verdicts	NA	-	-	-	not applicable by L's verdicts (condition not met; never printed)	b7c18f0	2026-09-28T05:45:09+00:00	UNKNOWN	UNKNOWN	none (L's report output not in repo)
test_load_curriculum.py	IV	RD2	X	reading	C1 SHOWN and C2 NOT SHOWN: "the curriculum helps, but a single channel gains about as much: not a channel effect."	-	conditional on verdicts	NA	-	-	-	not applicable (condition not met; not printed)	b7c18f0	2026-09-28T05:45:09+00:00	d79626e	2026-09-28T12:31:42+00:00	test_load_curriculum.py:147-149
test_load_curriculum.py	IV	RD2	L	reading	C1 SHOWN and C2 NOT SHOWN: "the curriculum helps, but a single channel gains about as much: not a channel effect."	-	conditional on verdicts	NA	-	-	-	not applicable by L's verdicts (condition not met; never printed)	b7c18f0	2026-09-28T05:45:09+00:00	UNKNOWN	UNKNOWN	none (L's report output not in repo)
test_load_curriculum.py	IV	RD3	X	reading	C1 NOT SHOWN: "the curriculum did not rescue the gate at P=8."	-	conditional on verdicts	NA	-	-	-	not applicable (condition not met; not printed)	b7c18f0	2026-09-28T05:45:09+00:00	d79626e	2026-09-28T12:31:42+00:00	test_load_curriculum.py:147-149
test_load_curriculum.py	IV	RD3	L	reading	C1 NOT SHOWN: "the curriculum did not rescue the gate at P=8."	-	conditional on verdicts	NA	-	-	-	condition met by L's verdicts (C1 NOT SHOWN); never printed in the repo	b7c18f0	2026-09-28T05:45:09+00:00	UNKNOWN	UNKNOWN	none (L's report output not in repo)
test_load_curriculum.py	IV	RD4	X	reading	C4 RELIABLE: "curriculum + restarts binds P=8 reliably."	-	conditional on verdicts	NA	-	-	-	printed	b7c18f0	2026-09-28T05:45:09+00:00	d79626e	2026-09-28T12:31:42+00:00	test_load_curriculum.py:148-149
test_load_curriculum.py	IV	RD4	L	reading	C4 RELIABLE: "curriculum + restarts binds P=8 reliably."	-	conditional on verdicts	NA	-	-	-	not applicable by L's verdicts (condition not met; never printed)	b7c18f0	2026-09-28T05:45:09+00:00	UNKNOWN	UNKNOWN	none (L's report output not in repo)
test_curriculum_confirm.py	IV	VALID	X	gate/validity	VALID: CUR_ceiling_lo binds >= 4/5 (runs first; otherwise Part 1 UNTESTED and nothing else runs)	BOUND on the 8-key set (Part 1)	count rule	NA	CUR_ceiling_lo 5/5	-	>= 4/5	VALID	c5ec279	2026-09-28T14:56:28+00:00	72e4e07	2026-09-28T19:37:42+00:00	test_curriculum_confirm.py:124
test_curriculum_confirm.py	IV	VALID	L	gate/validity	VALID: CUR_ceiling_lo binds >= 4/5 (runs first; otherwise Part 1 UNTESTED and nothing else runs)	BOUND on the 8-key set (Part 1)	count rule	NA	CUR_ceiling_lo 5/5	-	>= 4/5	not recorded as printed (ceiling 5/5)	c5ec279	2026-09-28T14:56:28+00:00	631fd62	2026-09-30T14:00:19-06:00	docs/revision6.md:384
test_curriculum_confirm.py	IV	K1	X	test	K1 THE CURRICULUM BEATS TRAINING FROM SCRATCH: CUR_lo (20) vs DIRECT_lo (15); exact McNemar (two-sided) on seeds 200-214 alongside	BOUND on the 8-key set (Part 1)	Fisher exact (McNemar two-sided alongside)	one	CUR_lo 16/20 vs DIRECT_lo 12/15	2 vs 3 (McNemar p = 1, alongside)	p = 0.66	NOT SHOWN	c5ec279	2026-09-28T14:56:28+00:00	72e4e07	2026-09-28T19:37:42+00:00	test_curriculum_confirm.py:125
test_curriculum_confirm.py	IV	K1	L	test	K1 THE CURRICULUM BEATS TRAINING FROM SCRATCH: CUR_lo (20) vs DIRECT_lo (15); exact McNemar (two-sided) on seeds 200-214 alongside	BOUND on the 8-key set (Part 1)	Fisher exact (McNemar two-sided alongside)	one	CUR_lo 17/20 vs DIRECT_lo 12/15	-	not recorded	NOT SHOWN	c5ec279	2026-09-28T14:56:28+00:00	248c482	2026-09-28T22:05:14+00:00	test_scale_axes.py:16-17; docs/revision6.md:415
test_curriculum_confirm.py	IV	K2	X	test	K2 THE GAIN NEEDS CHANNELS: CUR_lo (20) vs CUR_B_lo (15); McNemar alongside	BOUND on the 8-key set (Part 1)	Fisher exact (McNemar two-sided alongside)	one	CUR_lo 16/20 vs CUR_B_lo 0/15	11 vs 0 (McNemar p = 0.000977, alongside)	p = 1.19e-06	SHOWN	c5ec279	2026-09-28T14:56:28+00:00	72e4e07	2026-09-28T19:37:42+00:00	test_curriculum_confirm.py:128
test_curriculum_confirm.py	IV	K2	L	test	K2 THE GAIN NEEDS CHANNELS: CUR_lo (20) vs CUR_B_lo (15); McNemar alongside	BOUND on the 8-key set (Part 1)	Fisher exact (McNemar two-sided alongside)	one	CUR_lo 17/20 vs CUR_B_lo 3/15	-	p = 2x10^-4 (docs/revision6.md:416, first in 631fd62)	SHOWN	c5ec279	2026-09-28T14:56:28+00:00	248c482	2026-09-28T22:05:14+00:00	test_scale_axes.py:18; docs/revision6.md:416
test_curriculum_confirm.py	IV	K3	X	band	K3 RELIABLE: CUR_lo_R's band (CUR_lo's band printed alongside)	BOUND on the 8-key set (Part 1)	count rule	NA	CUR_lo_R 20/20 (CUR_lo 16/20 MAJORITY alongside)	-	RELIABLE >= 18/20, MAJORITY 10-17, MINORITY 1-9, NEVER 0	RELIABLE	c5ec279	2026-09-28T14:56:28+00:00	72e4e07	2026-09-28T19:37:42+00:00	test_curriculum_confirm.py:130
test_curriculum_confirm.py	IV	K3	L	band	K3 RELIABLE: CUR_lo_R's band (CUR_lo's band printed alongside)	BOUND on the 8-key set (Part 1)	count rule	NA	CUR_lo_R 20/20 (CUR_lo 17/20)	-	RELIABLE >= 18/20, MAJORITY 10-17, MINORITY 1-9, NEVER 0	RELIABLE	c5ec279	2026-09-28T14:56:28+00:00	248c482	2026-09-28T22:05:14+00:00	test_scale_axes.py:19; docs/revision6.md:417
test_curriculum_confirm.py	IV	RD1	X	reading	K1 SHOWN, K2 SHOWN and K3 RELIABLE: "a constant-lr load curriculum makes the gate find and keep the stream routing at P=8 on almost every run: the recipe to carry to P=16."	-	conditional on verdicts	NA	-	-	-	not applicable (condition not met; not printed)	c5ec279	2026-09-28T14:56:28+00:00	72e4e07	2026-09-28T19:37:42+00:00	test_curriculum_confirm.py:131-133
test_curriculum_confirm.py	IV	RD1	L	reading	K1 SHOWN, K2 SHOWN and K3 RELIABLE: "a constant-lr load curriculum makes the gate find and keep the stream routing at P=8 on almost every run: the recipe to carry to P=16."	-	conditional on verdicts	NA	-	-	-	not applicable by L's verdicts (condition not met; never printed)	c5ec279	2026-09-28T14:56:28+00:00	UNKNOWN	UNKNOWN	none (L's report output not in repo)
test_curriculum_confirm.py	IV	RD2	X	reading	K1 NOT SHOWN: "at a constant 1e-3, training at P=8 from scratch does about as well as the curriculum."	-	conditional on verdicts	NA	-	-	-	printed	c5ec279	2026-09-28T14:56:28+00:00	72e4e07	2026-09-28T19:37:42+00:00	test_curriculum_confirm.py:131-132
test_curriculum_confirm.py	IV	RD2	L	reading	K1 NOT SHOWN: "at a constant 1e-3, training at P=8 from scratch does about as well as the curriculum."	-	conditional on verdicts	NA	-	-	-	condition met by L's verdicts (K1 NOT SHOWN); never printed in the repo	c5ec279	2026-09-28T14:56:28+00:00	UNKNOWN	UNKNOWN	none (L's report output not in repo)
test_curriculum_confirm.py	IV	RD3	X	reading	K2 NOT SHOWN: "a single channel gains about as much from the curriculum: not a channel effect."	-	conditional on verdicts	NA	-	-	-	not applicable (condition not met; not printed)	c5ec279	2026-09-28T14:56:28+00:00	72e4e07	2026-09-28T19:37:42+00:00	test_curriculum_confirm.py:131-133
test_curriculum_confirm.py	IV	RD3	L	reading	K2 NOT SHOWN: "a single channel gains about as much from the curriculum: not a channel effect."	-	conditional on verdicts	NA	-	-	-	not applicable by L's verdicts (condition not met; never printed)	c5ec279	2026-09-28T14:56:28+00:00	UNKNOWN	UNKNOWN	none (L's report output not in repo)
test_scale_axes.py	IV	VALID A	X	gate/validity	VALID A: ceiling8 binds >= 2/3 (otherwise Part A UNTESTED and not run)	BOUND (P=8, S=2)	count rule	NA	ceiling8 3/3	-	>= 2/3	VALID A	248c482	2026-09-28T22:05:14+00:00	3f4222f	2026-09-29T05:18:39+00:00	test_scale_axes.py:119
test_scale_axes.py	IV	VALID A	L	gate/validity	VALID A: ceiling8 binds >= 2/3 (otherwise Part A UNTESTED and not run)	BOUND (P=8, S=2)	count rule	NA	ceiling8 3/3	-	>= 2/3	not printed in repo (json validA = true; ceiling 3/3)	248c482	2026-09-28T22:05:14+00:00	631fd62	2026-09-30T14:00:19-06:00	docs/revision6.md:388; results/L/scale_axes_results.json (verdict; committed 42af095)
test_scale_axes.py	IV	VALID B	X	gate/validity	VALID B: ceiling4k4 binds >= 4/5 AND the recurrent k=4 gate fits the perfect 4-way routing (gate_fit_k argmax >= 0.99); otherwise Part B UNTESTED	BOUND (S=4, k=4)	count rule + fit threshold	NA	ceiling4k4 5/5; fit argmax 1.0000 (mse 3.9e-06)	-	>= 4/5; argmax >= 0.99	VALID B	248c482	2026-09-28T22:05:14+00:00	3f4222f	2026-09-29T05:18:39+00:00	test_scale_axes.py:119-120
test_scale_axes.py	IV	VALID B	L	gate/validity	VALID B: ceiling4k4 binds >= 4/5 AND the recurrent k=4 gate fits the perfect 4-way routing (gate_fit_k argmax >= 0.99); otherwise Part B UNTESTED	BOUND (S=4, k=4)	count rule + fit threshold	NA	ceiling4k4 5/5; fit argmax 1.0 (json)	-	>= 4/5; argmax >= 0.99	not printed in repo (json validB = true)	248c482	2026-09-28T22:05:14+00:00	631fd62	2026-09-30T14:00:19-06:00	docs/revision6.md:450; results/L/scale_axes_results.json (verdict; committed 42af095)
test_scale_axes.py	IV	M1	X	test	M1 THE GATE BEATS ONE CHANNEL OF THE SAME MEMORY AT P=8: DIRECT8 (20) vs B_wide8 (12); exact McNemar (two-sided) on seeds 220-231 alongside	BOUND (P=8, S=2)	Fisher exact (McNemar two-sided alongside)	one	DIRECT8 13/20 vs B_wide8 0/12	8 vs 0 (McNemar p = 0.0078, alongside)	p = 0.000223	SHOWN	248c482	2026-09-28T22:05:14+00:00	3f4222f	2026-09-29T05:18:39+00:00	test_scale_axes.py:121
test_scale_axes.py	IV	M1	L	test	M1 THE GATE BEATS ONE CHANNEL OF THE SAME MEMORY AT P=8: DIRECT8 (20) vs B_wide8 (12); exact McNemar (two-sided) on seeds 220-231 alongside	BOUND (P=8, S=2)	Fisher exact (McNemar two-sided alongside)	one	DIRECT8 12/20 vs B_wide8 0/12	5 vs 0 (McNemar p = 0.0625, json)	p = 0.000558 (json); 6x10^-4 (docs/revision6.md:431)	SHOWN	248c482	2026-09-28T22:05:14+00:00	e5a24ae	2026-09-29T17:28:42+00:00	test_stream_channels.py:14-15; docs/revision6.md:431; results/L/scale_axes_results.json (verdict; committed 42af095)
test_scale_axes.py	IV	S1	X	band	S1 FOUR STREAMS BIND: A4k4's band	BOUND (S=4, k=4)	count rule	NA	A4k4 9/20	-	RELIABLE >= 18/20, MAJORITY 10-17, MINORITY 1-9, NEVER 0	MINORITY	248c482	2026-09-28T22:05:14+00:00	3f4222f	2026-09-29T05:18:39+00:00	test_scale_axes.py:124
test_scale_axes.py	IV	S1	L	band	S1 FOUR STREAMS BIND: A4k4's band	BOUND (S=4, k=4)	count rule	NA	A4k4 5/20	-	RELIABLE >= 18/20, MAJORITY 10-17, MINORITY 1-9, NEVER 0	MINORITY	248c482	2026-09-28T22:05:14+00:00	e5a24ae	2026-09-29T17:28:42+00:00	test_stream_channels.py:16; docs/revision6.md:451; results/L/scale_axes_results.json (verdict; committed 42af095)
test_scale_axes.py	IV	S2	X	test	S2 THE GATE BEATS ONE CHANNEL AT S=4: A4k4 (20) vs B4s (10)	BOUND (S=4)	Fisher exact	one	A4k4 9/20 vs B4s 0/10	-	p = 0.0117	SHOWN	248c482	2026-09-28T22:05:14+00:00	3f4222f	2026-09-29T05:18:39+00:00	test_scale_axes.py:125
test_scale_axes.py	IV	S2	L	test	S2 THE GATE BEATS ONE CHANNEL AT S=4: A4k4 (20) vs B4s (10)	BOUND (S=4)	Fisher exact	one	A4k4 5/20 vs B4s 0/10	-	p = 0.109	NOT SHOWN	248c482	2026-09-28T22:05:14+00:00	e5a24ae	2026-09-29T17:28:42+00:00	test_stream_channels.py:17 (counts :16); docs/revision6.md:452; results/L/scale_axes_results.json (verdict; committed 42af095)
test_scale_axes.py	IV	RD1	X	reading	M1 SHOWN: "at P=8 the gate beats a single channel with the same total memory: the partition, not the memory size."	-	conditional on verdicts	NA	-	-	-	printed	248c482	2026-09-28T22:05:14+00:00	3f4222f	2026-09-29T05:18:39+00:00	test_scale_axes.py:126-128
test_scale_axes.py	IV	RD1	L	reading	M1 SHOWN: "at P=8 the gate beats a single channel with the same total memory: the partition, not the memory size."	-	conditional on verdicts	NA	-	-	-	in L json readings: "M1 SHOWN"	248c482	2026-09-28T22:05:14+00:00	42af095	2026-10-06T13:13:27+00:00	results/L/scale_axes_results.json (verdict; committed 42af095) verdict.readings
test_scale_axes.py	IV	RD2	X	reading	M1 NOT SHOWN: "at P=8 a single channel with the same total memory binds about as well as the gate: the channel advantage may be memory size."	-	conditional on verdicts	NA	-	-	-	not applicable (condition not met; not printed)	248c482	2026-09-28T22:05:14+00:00	3f4222f	2026-09-29T05:18:39+00:00	test_scale_axes.py:126-128
test_scale_axes.py	IV	RD2	L	reading	M1 NOT SHOWN: "at P=8 a single channel with the same total memory binds about as well as the gate: the channel advantage may be memory size."	-	conditional on verdicts	NA	-	-	-	not applicable (absent from L json readings)	248c482	2026-09-28T22:05:14+00:00	42af095	2026-10-06T13:13:27+00:00	results/L/scale_axes_results.json (verdict; committed 42af095) verdict.readings
test_scale_axes.py	IV	RD3	X	reading	S1 RELIABLE or MAJORITY, and S2 SHOWN: "the gate finds a 4-way stream routing: the mechanism extends beyond two streams."	-	conditional on verdicts	NA	-	-	-	not applicable (condition not met; not printed)	248c482	2026-09-28T22:05:14+00:00	3f4222f	2026-09-29T05:18:39+00:00	test_scale_axes.py:126-128
test_scale_axes.py	IV	RD3	L	reading	S1 RELIABLE or MAJORITY, and S2 SHOWN: "the gate finds a 4-way stream routing: the mechanism extends beyond two streams."	-	conditional on verdicts	NA	-	-	-	not applicable (absent from L json readings)	248c482	2026-09-28T22:05:14+00:00	42af095	2026-10-06T13:13:27+00:00	results/L/scale_axes_results.json (verdict; committed 42af095) verdict.readings
test_scale_axes.py	IV	RD4	X	reading	S1 MINORITY or NEVER: "four streams defeat routing discovery from scratch at this size."	-	conditional on verdicts	NA	-	-	-	printed	248c482	2026-09-28T22:05:14+00:00	3f4222f	2026-09-29T05:18:39+00:00	test_scale_axes.py:126-128
test_scale_axes.py	IV	RD4	L	reading	S1 MINORITY or NEVER: "four streams defeat routing discovery from scratch at this size."	-	conditional on verdicts	NA	-	-	-	in L json readings: "S1 MINORITY"	248c482	2026-09-28T22:05:14+00:00	42af095	2026-10-06T13:13:27+00:00	results/L/scale_axes_results.json (verdict; committed 42af095) verdict.readings
test_stream_channels.py	IV	VALID	X	gate/validity	VALID: ceiling4k8 binds >= 2/3, the pairing CHECK (85) passes, and the k=8 and k=16 recurrent gates fit the perfect routing (argmax >= 0.99); otherwise every claim UNTESTED	BOUND (S=4, P=4), paired by seed with the recorded A4k4	count rule + CHECK 85 + fit threshold	NA	ceiling4k8 3/3; CHECK 85 passed; fits argmax 1.0000 each	-	>= 2/3; argmax >= 0.99	VALID	e5a24ae	2026-09-29T17:28:42+00:00	4ea2693	2026-09-29T21:31:41+00:00	test_stream_channels.py:115-116
test_stream_channels.py	IV	VALID	L	gate/validity	VALID: ceiling4k8 binds >= 2/3, the pairing CHECK (85) passes, and the k=8 and k=16 recurrent gates fit the perfect routing (argmax >= 0.99); otherwise every claim UNTESTED	BOUND (S=4, P=4), paired by seed with the recorded A4k4	count rule + CHECK 85 + fit threshold	NA	ceiling4k8 3/3 (pooled 6/6 minus X's 3/3, derived); CHECK 85 and fits on L not recorded	-	>= 2/3; argmax >= 0.99	not recorded as printed	e5a24ae	2026-09-29T17:28:42+00:00	631fd62	2026-09-30T14:00:19-06:00	docs/revision6.md:475
test_stream_channels.py	IV	K8	X	test	K8 EIGHT CHANNELS BIND MORE: A4k8 vs the recorded A4k4, same seeds 220-239	BOUND (S=4, P=4), paired by seed with the recorded A4k4	exact McNemar	one	A4k8 10/20 vs A4k4 9/20	4 vs 3	p = 0.5	NOT SHOWN	e5a24ae	2026-09-29T17:28:42+00:00	4ea2693	2026-09-29T21:31:41+00:00	test_stream_channels.py:117
test_stream_channels.py	IV	K8	L	test	K8 EIGHT CHANNELS BIND MORE: A4k8 vs the recorded A4k4, same seeds 220-239	BOUND (S=4, P=4), paired by seed with the recorded A4k4	exact McNemar	one	A4k8 13/20 vs A4k4 5/20	10 vs 2	p = 0.019 (docs/revision6.md:479, first in 631fd62)	SHOWN	e5a24ae	2026-09-29T17:28:42+00:00	092937b	2026-09-30T03:37:20+00:00	test_stream_recipe.py:17; docs/revision6.md:479
test_stream_channels.py	IV	K16	X	test	K16 SIXTEEN CHANNELS BIND MORE: A4k16 vs the recorded A4k4, the same test	BOUND (S=4, P=4), paired by seed with the recorded A4k4	exact McNemar	one	A4k16 10/20 vs A4k4 9/20	4 vs 3	p = 0.5	NOT SHOWN	e5a24ae	2026-09-29T17:28:42+00:00	4ea2693	2026-09-29T21:31:41+00:00	test_stream_channels.py:119
test_stream_channels.py	IV	K16	L	test	K16 SIXTEEN CHANNELS BIND MORE: A4k16 vs the recorded A4k4, the same test	BOUND (S=4, P=4), paired by seed with the recorded A4k4	exact McNemar	one	A4k16 13/20 vs A4k4 5/20	9 vs 1	p = 0.011 (docs/revision6.md:479, first in 631fd62)	SHOWN	e5a24ae	2026-09-29T17:28:42+00:00	092937b	2026-09-30T03:37:20+00:00	test_stream_recipe.py:17; docs/revision6.md:479
test_stream_channels.py	IV	MG	X	test	MG FEWER MERGES: the fraction of MERGED runs (shared >= 2 at the end), A4k16 vs the recorded A4k4 (fewer at k=16)	MERGED (shared >= 2 at the end)	Fisher exact	one	MERGED A4k16 10/20 vs A4k4 12/20	-	p = 0.376	NOT SHOWN	e5a24ae	2026-09-29T17:28:42+00:00	4ea2693	2026-09-29T21:31:41+00:00	test_stream_channels.py:121
test_stream_channels.py	IV	MG	L	test	MG FEWER MERGES: the fraction of MERGED runs (shared >= 2 at the end), A4k16 vs the recorded A4k4 (fewer at k=16)	MERGED (shared >= 2 at the end)	Fisher exact	one	not recorded (derived from docs Table 7 minus X: A4k16 8/20 vs A4k4 15/20, which gives p = 0.0268)	-	p = 0.027 (docs/revision6.md:479, first in 631fd62)	SHOWN	e5a24ae	2026-09-29T17:28:42+00:00	092937b	2026-09-30T03:37:20+00:00	test_stream_recipe.py:17; docs/revision6.md:479
test_stream_channels.py	IV	band_A4k8	X	band	Band for A4k8 (listed under CLAIMS, no claim id): RELIABLE >= 18/20, MAJORITY 10-17, MINORITY 1-9, NEVER 0	BOUND	count rule	NA	A4k8 10/20	-	RELIABLE >= 18/20, MAJORITY 10-17, MINORITY 1-9, NEVER 0	MAJORITY	e5a24ae	2026-09-29T17:28:42+00:00	4ea2693	2026-09-29T21:31:41+00:00	test_stream_channels.py:123
test_stream_channels.py	IV	band_A4k8	L	band	Band for A4k8 (listed under CLAIMS, no claim id): RELIABLE >= 18/20, MAJORITY 10-17, MINORITY 1-9, NEVER 0	BOUND	count rule	NA	A4k8 13/20	-	RELIABLE >= 18/20, MAJORITY 10-17, MINORITY 1-9, NEVER 0	MAJORITY	e5a24ae	2026-09-29T17:28:42+00:00	631fd62	2026-09-30T14:00:19-06:00	docs/revision6.md:481 (count: test_stream_recipe.py:17, 092937b)
test_stream_channels.py	IV	band_A4k16	X	band	Band for A4k16 (listed under CLAIMS, no claim id): RELIABLE >= 18/20, MAJORITY 10-17, MINORITY 1-9, NEVER 0	BOUND	count rule	NA	A4k16 10/20	-	RELIABLE >= 18/20, MAJORITY 10-17, MINORITY 1-9, NEVER 0	MAJORITY	e5a24ae	2026-09-29T17:28:42+00:00	4ea2693	2026-09-29T21:31:41+00:00	test_stream_channels.py:123
test_stream_channels.py	IV	band_A4k16	L	band	Band for A4k16 (listed under CLAIMS, no claim id): RELIABLE >= 18/20, MAJORITY 10-17, MINORITY 1-9, NEVER 0	BOUND	count rule	NA	A4k16 13/20	-	RELIABLE >= 18/20, MAJORITY 10-17, MINORITY 1-9, NEVER 0	MAJORITY	e5a24ae	2026-09-29T17:28:42+00:00	631fd62	2026-09-30T14:00:19-06:00	docs/revision6.md:481 (count: test_stream_recipe.py:17, 092937b)
test_stream_channels.py	IV	RD1	X	reading	K8 or K16 SHOWN, with MG SHOWN: "spare channels let four streams bind: merges were early collisions."	-	conditional on verdicts	NA	-	-	-	not applicable (condition not met; not printed)	e5a24ae	2026-09-29T17:28:42+00:00	4ea2693	2026-09-29T21:31:41+00:00	test_stream_channels.py:124-125
test_stream_channels.py	IV	RD1	L	reading	K8 or K16 SHOWN, with MG SHOWN: "spare channels let four streams bind: merges were early collisions."	-	conditional on verdicts	NA	-	-	-	condition met by L's verdicts (K8, K16, MG SHOWN); never printed in the repo	e5a24ae	2026-09-29T17:28:42+00:00	UNKNOWN	UNKNOWN	none (L's report output not in repo)
test_stream_channels.py	IV	RD2	X	reading	K8 and K16 NOT SHOWN: "spare channels do not help four streams at this size."	-	conditional on verdicts	NA	-	-	-	printed	e5a24ae	2026-09-29T17:28:42+00:00	4ea2693	2026-09-29T21:31:41+00:00	test_stream_channels.py:124-125
test_stream_channels.py	IV	RD2	L	reading	K8 and K16 NOT SHOWN: "spare channels do not help four streams at this size."	-	conditional on verdicts	NA	-	-	-	not applicable by L's verdicts (condition not met; never printed)	e5a24ae	2026-09-29T17:28:42+00:00	UNKNOWN	UNKNOWN	none (L's report output not in repo)
test_stream_channels.py	IV	RD3	X	reading	MG SHOWN, with K8 and K16 NOT SHOWN: "spare channels reduce merges without raising binding: the failures move elsewhere."	-	conditional on verdicts	NA	-	-	-	not applicable (condition not met; not printed)	e5a24ae	2026-09-29T17:28:42+00:00	4ea2693	2026-09-29T21:31:41+00:00	test_stream_channels.py:124-125
test_stream_channels.py	IV	RD3	L	reading	MG SHOWN, with K8 and K16 NOT SHOWN: "spare channels reduce merges without raising binding: the failures move elsewhere."	-	conditional on verdicts	NA	-	-	-	not applicable by L's verdicts (condition not met; never printed)	e5a24ae	2026-09-29T17:28:42+00:00	UNKNOWN	UNKNOWN	none (L's report output not in repo)
test_stream_recipe.py	V	VALID	X	gate/validity	VALID: ceiling4k16 binds >= 2/3, and the k=16 gate fits the perfect 4-way routing (argmax >= 0.99; CHECK 92); if not VALID every claim UNTESTED	BOUND (Part 1: S=4, P=4, seeds 240-259)	count rule + fit threshold	NA	ceiling4k16 3/3; fit argmax 1.0000 (mse 2.5e-06)	-	>= 2/3; argmax >= 0.99	VALID	092937b	2026-09-30T03:37:20+00:00	18d5ae1	2026-09-30T13:27:13+00:00	test_stream_recipe.py:160-161
test_stream_recipe.py	V	VALID	L	gate/validity	VALID: ceiling4k16 binds >= 2/3, and the k=16 gate fits the perfect 4-way routing (argmax >= 0.99; CHECK 92); if not VALID every claim UNTESTED	BOUND (Part 1: S=4, P=4, seeds 240-259)	count rule + fit threshold	NA	ceiling4k16 3/3; fit argmax 1.0 (json)	-	>= 2/3; argmax >= 0.99	VALID (d0e6c85 commit message; json valid = true)	092937b	2026-09-30T03:37:20+00:00	6dd4248	2026-10-05T21:08:32+00:00	docs/revision7.md:180; results/L/stream_recipe_results.json (verdict; committed d0e6c85)
test_stream_recipe.py	V	R1	X	band	R1 THE RECIPE IS RELIABLE: A4k16_R's band	BOUND (Part 1: S=4, P=4, seeds 240-259)	count rule	NA	A4k16_R 17/20 (16 ROUTED)	-	RELIABLE >= 18/20, MAJORITY 10-17, MINORITY 1-9, NEVER 0	MAJORITY	092937b	2026-09-30T03:37:20+00:00	18d5ae1	2026-09-30T13:27:13+00:00	test_stream_recipe.py:162
test_stream_recipe.py	V	R1	L	band	R1 THE RECIPE IS RELIABLE: A4k16_R's band	BOUND (Part 1: S=4, P=4, seeds 240-259)	count rule	NA	A4k16_R 19/20	-	RELIABLE >= 18/20, MAJORITY 10-17, MINORITY 1-9, NEVER 0	RELIABLE	092937b	2026-09-30T03:37:20+00:00	ffdf0aa	2026-09-30T19:32:07+00:00	test_stream_curriculum.py:16; docs/revision7.md:172; results/L/stream_recipe_results.json (verdict; committed d0e6c85)
test_stream_recipe.py	V	R2	X	bound	R2 THE CHECK IS PRECISE: of every distinct A4k16 / A4k16_R attempt that passed the check (>= 0.4 at 4800), the fraction that bound; PRECISE if >= 0.9 (Wilson 95% printed), NOT PRECISE below, UNTESTABLE if < 10 passed	fraction of passing attempts that BOUND	proportion vs 0.9 threshold (Wilson 95% printed)	NA	17/20 passing attempts bound	-	0.850, Wilson 95% [0.640, 0.948]; threshold >= 0.9	NOT PRECISE	092937b	2026-09-30T03:37:20+00:00	18d5ae1	2026-09-30T13:27:13+00:00	test_stream_recipe.py:164-165
test_stream_recipe.py	V	R2	L	bound	R2 THE CHECK IS PRECISE: of every distinct A4k16 / A4k16_R attempt that passed the check (>= 0.4 at 4800), the fraction that bound; PRECISE if >= 0.9 (Wilson 95% printed), NOT PRECISE below, UNTESTABLE if < 10 passed	fraction of passing attempts that BOUND	proportion vs 0.9 threshold (Wilson 95% printed)	NA	19/19 passing attempts bound	-	1.000, Wilson 95% [0.832, 1.000] (json); threshold >= 0.9	PRECISE	092937b	2026-09-30T03:37:20+00:00	ffdf0aa	2026-09-30T19:32:07+00:00	test_stream_curriculum.py:17-18; docs/revision7.md:172; results/L/stream_recipe_results.json (verdict; committed d0e6c85)
test_stream_recipe.py	V	R3	X	test	R3 SPARE CHANNELS MAKE RESTARTS WORK: A4k16_R vs A4k4_R; exact McNemar (one-sided, paired by seed) printed alongside	BOUND (Part 1: S=4, P=4, seeds 240-259)	Fisher exact (McNemar one-sided alongside)	one	A4k16_R 17/20 vs A4k4_R 10/20	9 vs 2 (McNemar p = 0.0327, alongside)	p = 0.0204	SHOWN	092937b	2026-09-30T03:37:20+00:00	18d5ae1	2026-09-30T13:27:13+00:00	test_stream_recipe.py:167-168
test_stream_recipe.py	V	R3	L	test	R3 SPARE CHANNELS MAKE RESTARTS WORK: A4k16_R vs A4k4_R; exact McNemar (one-sided, paired by seed) printed alongside	BOUND (Part 1: S=4, P=4, seeds 240-259)	Fisher exact (McNemar one-sided alongside)	one	A4k16_R 19/20 vs A4k4_R 8/20	11 vs 0 (McNemar p = 0.000488, json)	p = 0.000216 (json); 2x10^-4 (docs/revision7.md:172)	SHOWN	092937b	2026-09-30T03:37:20+00:00	ffdf0aa	2026-09-30T19:32:07+00:00	test_stream_curriculum.py:19; docs/revision7.md:172; results/L/stream_recipe_results.json (verdict; committed d0e6c85)
test_stream_recipe.py	V	R4	X	test	R4 REPLICATION OF K16 ON FRESH SEEDS: A4k16 vs A4k4, plain arms	BOUND (Part 1: S=4, P=4, seeds 240-259)	exact McNemar	one	A4k16 12/20 vs A4k4 10/20	5 vs 3	p = 0.363	NOT SHOWN	092937b	2026-09-30T03:37:20+00:00	18d5ae1	2026-09-30T13:27:13+00:00	test_stream_recipe.py:169-170
test_stream_recipe.py	V	R4	L	test	R4 REPLICATION OF K16 ON FRESH SEEDS: A4k16 vs A4k4, plain arms	BOUND (Part 1: S=4, P=4, seeds 240-259)	exact McNemar	one	A4k16 9/20 vs A4k4 5/20	8 vs 4	p = 0.194 (json); 0.19 (docs/revision7.md:172)	NOT SHOWN	092937b	2026-09-30T03:37:20+00:00	ffdf0aa	2026-09-30T19:32:07+00:00	test_stream_curriculum.py:20; docs/revision7.md:172; results/L/stream_recipe_results.json (verdict; committed d0e6c85)
test_stream_recipe.py	V	RD1	X	reading	R1 RELIABLE and R2 PRECISE: "spare channels plus an early check make four streams reliable: the recipe carries to S=4."	-	conditional on verdicts	NA	-	-	-	not applicable (condition not met; not printed) (docstring: R1 MAJORITY with R2 NOT PRECISE gives no R1/R2 reading)	092937b	2026-09-30T03:37:20+00:00	18d5ae1	2026-09-30T13:27:13+00:00	test_stream_recipe.py:171-172
test_stream_recipe.py	V	RD1	L	reading	R1 RELIABLE and R2 PRECISE: "spare channels plus an early check make four streams reliable: the recipe carries to S=4."	-	conditional on verdicts	NA	-	-	-	in L json readings: "R1 RELIABLE and R2 PRECISE"	092937b	2026-09-30T03:37:20+00:00	d0e6c85	2026-10-06T03:58:09+00:00	results/L/stream_recipe_results.json (verdict; committed d0e6c85) verdict.readings
test_stream_recipe.py	V	RD2	X	reading	R3 SHOWN: "the early check works only with spare channels: at k=4 merged runs pass it and stall."	-	conditional on verdicts	NA	-	-	-	printed	092937b	2026-09-30T03:37:20+00:00	18d5ae1	2026-09-30T13:27:13+00:00	test_stream_recipe.py:171-172
test_stream_recipe.py	V	RD2	L	reading	R3 SHOWN: "the early check works only with spare channels: at k=4 merged runs pass it and stall."	-	conditional on verdicts	NA	-	-	-	in L json readings: "R3 SHOWN"	092937b	2026-09-30T03:37:20+00:00	d0e6c85	2026-10-06T03:58:09+00:00	results/L/stream_recipe_results.json (verdict; committed d0e6c85) verdict.readings
test_stream_recipe.py	V	RD3	X	reading	R1 MINORITY or NEVER: "the recipe does not carry to four streams."	-	conditional on verdicts	NA	-	-	-	not applicable (condition not met; not printed)	092937b	2026-09-30T03:37:20+00:00	18d5ae1	2026-09-30T13:27:13+00:00	test_stream_recipe.py:171-172
test_stream_recipe.py	V	RD3	L	reading	R1 MINORITY or NEVER: "the recipe does not carry to four streams."	-	conditional on verdicts	NA	-	-	-	not applicable (absent from L json readings)	092937b	2026-09-30T03:37:20+00:00	d0e6c85	2026-10-06T03:58:09+00:00	results/L/stream_recipe_results.json (verdict; committed d0e6c85) verdict.readings
